, Brand , Model Name , Screen Size , Colour , Hard Disk Size , CPU Model , RAM Memory Installed Size , Operating System , Special Feature , Graphics Card Description ,Price, Graphics Coprocessor , CPU Speed , Hard Disk Description , Item Weight , Connectivity Technology , Graphics Processor Manufacturer , Resolution , Total USB Ports , Processor Count , CPU Manufacturer , Human Interface Input , Form Factor 
0, Dell , Vostro , 14 Inches , Carbon black , 256 GB , Core i3 , 8 GB , Windows 11 Home , Thin , Integrated ,"₹36,990.00",,,,,,,,,,,,
1, ASUS , Vivobook 14 2022 , 14 Inches , Transparent Silver , 512 GB , Core i3 , 8 GB , Windows 11 Home , Anti Glare Coating , Integrated ,"₹34,990.00",,,,,,,,,,,,
2, HP , 15s-fq5190TU , 39.6 Centimetres , Natural Silver , 512 GB , Core i7 , 16 GB , Windows 11 Home ," FHD, UWVA, Micro-Edge Display, Anti-Glare, Numeric Keypad ", Integrated ,"₹69,990.00",,,,,,,,,,,,
3, HP , 15s-fq3071TU , 39.6 Centimetres , Natural Silver , 512 GB , Celeron , 8 GB , Windows 11 Home ," Brightview, HD, Micro-Edge Display, Numeric Keypad ", Integrated ,"₹30,490.00",,,,,,,,,,,,
4, HP , HP Chromebook , 13.3 Inches ,, 32 GB , Core M Family , 8 GB , Chrome OS , Webcam , Integrated ,"₹15,999.00", Intel HD Graphics 515 ,,,,,,,,,,,
5, HP , 15s-fr4001TU , 39.6 Centimetres , Silver , 512 GB , Core i5 , 16 GB , Windows 11 Home ," FHD, Backlit Keyboard, Micro-Edge Display, Anti-Glare, Numeric Keypad ", Integrated ,"₹55,990.00",,,,,,,,,,,,
6, Dell , Vostro 3420 , 14 Inches , Black , 512 GB , Core i5 , 8 GB , Windows 11 Home ,, Integrated ,"₹49,990.00", INTEGRATED ,,,,,,,,,,,
7, Honor , NMH-WFQ9HN , 14 Inches , Gray , 512 GB , AMD Ryzen 5 5500U , 16 GB , Windows 11 Home ," Backlit Keyboard, Anti Glare Screen, Fingerprint Reader, Light Weight ", Integrated ,"₹40,990.00",,,,,,,,,,,,
8, Acer , Extensa , 15.6 Inches , Silver , 256 GB , Core i3 , 8 GB , Windows 11 Home ," Webcam, Thin ", Integrated ,"₹31,990.00",,,,,,,,,,,,
9, Lenovo , Lenovo V15 G2 IJL , 15.6 Inches , Black , 256 GB , Celeron , 8 GB , DOS , Thin , Integrated ,"₹21,990.00",,,,,,,,,,,,
10, Lenovo , Lenovo E41-55 , 14 Inches , Grey , 256 GB , Athlon Silver 3050U , 4 GB , DOS , Full Size Keyboard , Integrated ,"₹17,990.00",,,,,,,,,,,,
11, Honor , BMH-WFQ9HN , 15.6 Inches , Mystic Silver , 512 GB , AMD Ryzen 5 5500U , 16 GB , Windows 11 Home ," Fingerprint Reader, High Definition Audio, TrackPoint, Anti Glare Coating ", Integrated ,"₹40,990.00",,,,,,,,,,,,
12, Dell , Vostro 3425 , 14 Inches , Carbon Black , 512 GB , Ryzen 5 , 8 GB , Windows 11 Home , Thin , Integrated ,"₹47,990.00",,,,,,,,,,,,
13, Dell , 3380-cr , 13.3 Inches , Grey , 512 GB , Core i5 Family , 8 GB , Windows 10 Pro , Thin , Integrated ,"₹18,999.00",,,,,,,,,,,,
14, ASUS , VivoBook 15 (2021) , 15.6 Inches , Transparent Silver , 512 GB , Celeron N4020 , 4 GB , Windows 11 Home ," Fingerprint Reader, Backlit Keyboard, Anti Glare Coating ", Integrated ,"₹24,990.00",,,,,,,,,,,,
15, Acer , Acer one 14 , 14 Inches , Silver ,, Core i5 , 16 GB , Windows 11 Home ," Anti Glare Screen, Webcam, Memory Card Slot ", Integrated ,"₹44,990.00", Intel Iris Xe Graphics ,,,,,,,,,,,
16, Dell , Latitude Hybrid , 14.1 Inches , Silver , 500 GB , Core i5 , 128 GB , Windows 10 Pro ,, Integrated ,"₹20,404.00", Intel ,,,,,,,,,,,
17, ASUS , Vivobook Go 14 (2023) , 14 Inches , Mixed Black , 512 GB , Ryzen 3 , 8 GB , Windows 11 Home , Anti Glare Coating , Integrated ,"₹36,990.00",,,,,,,,,,,,
18, Lenovo , Lenovo E41-55 , 14 Inches , Grey , 256 GB , Athlon Silver 3050U , 4 GB , Windows 10 Home ," Portable, Anti Glare Screen, Light Weight, Thin ", Integrated ,"₹19,790.00",,,,,,,,,,,,
19, Honor , NMH-WDQ9HN , 14 Inches , Gray , 512 GB , AMD Ryzen 5 5500U , 8 GB , Windows 11 Home ," Backlit Keyboard, Anti Glare Coating, Fingerprint Reader, Light Weight ", Integrated ,"₹37,990.00",,,,,,,,,,,,
20, Lenovo , E41-55 , 14 Inches , Grey , 256 GB , Athlon Silver 3050U , 8 GB , DOS , Anti Glare Screen , Integrated ,"₹19,890.00",,,,,,,,,,,,
21, Lenovo , Lenovo Thinkpad L450-cr , 14 Inches ,, 256 GB , Intel Core i5 , 8 GB , Windows 11 ," Webcam, Light Weight, Thin ", Integrated ,"₹17,399.00", Intel HD Graphics 520 ,,,,,,,,,,,
22, Dell , 3180 , 11.6 Inches ,, 128 GB , Pentium N4200 , 4 GB , Windows 10 Pro ," Portable, Light Weight ", Dedicated ,"₹12,925.00",, 1.1 GHz ,,,,,,,,,,
23, HP , HP 14s , 14 Inches , Natural Silver , 512 GB , Ryzen 3 , 8 GB , Windows 11 Home ," Micro Edge Display, Backlit Keyboard, Dual Speaker, Multi Touch Gesture, Built in Alexa ", Integrated ,"₹39,250.00",,,,,,,,,,,,
24, HP , HP ZHAN 99 Mobile Workstation G4 , 15.6 Inches , Natural Silver , 512 GB , Ryzen 5 , 8 GB , Windows 11 Home ," Micro-edge, Anti-glare Display, HD ", Integrated ,"₹34,990.00",,,,,,,,,,,,
25, Dell , Latitude E5450 , 14 Inches , Black , 256 GB , Core i5 5300U , 256 GB , Windows , Anti Glare Coating ,,"₹16,899.00", Intel HD Graphics ,,,,,,,,,,,
26, Lenovo , Lenovo Notebook , 15.6 Inches ,,, AMD A6 , 8 GB , Windows ,, Integrated ,"₹14,999.00",, 2.6 GHz , SSD , 1.61 Kilograms ,,,,,,,,
27, Lenovo , Lenovo Notebook , 15.6 Inches ,,, AMD A6 , 8 GB , Windows ,, Integrated ,"₹15,999.00",, 2.6 GHz , SSD , 1.61 Kilograms ,,,,,,,,
28, HP , HP Pavilion 14-ec1003AU , 14 Inches , Natural Silver ,, Ryzen 5 , 8 GB , Windows 11 Home ," FHD, Micro-Edge Display ", Integrated ,"₹52,990.00", AMD Radeon Graphics ,,,,,,,,,,,
29, HP , Celeron N4500 , 35.6 Centimetres , Jet Black , 256 GB , Celeron , 8 GB , Windows 11 Home ," Micro-Edge Display, HD ", Integrated ,"₹26,990.00",,,,,,,,,,,,
30, Acer , Acer one 14 , 14 Inches , Silver ,, Core i5 , 8 GB , Windows 11 Home ," Anti Glare Screen, Webcam, Memory Card Slot ", Integrated ,"₹42,990.00", Intel Iris Xe Graphics ,,,,,,,,,,,
31, Lenovo , ThinkBook 15 Gen3 , 15.6 Inches , Mineral Grey , 512 GB , AMD Ryzen 5 5500U , 8 GB , Windows 11 Home ,"  Numeric Keypad, Spill resistant, Memory Card Slot, HD Audio, Fingerprint Reader, Anti Glare Coating, Narrow Bezel, Lightweight, Backlit Keyboard, Thin  See more  ", Integrated ,"₹43,990.00",,,,,,,,,,,,
32, Dell , Dell Latitude-cr , 14 Inches ,, 512 GB , Intel Core i5 , 8 GB , Windows 10 , Webcam , Integrated ,"₹19,000.00", Intel HD Graphics 5500 ,,,,,,,,,,,
33, Acer , Extensa , 15.6 Inches , Silver , 512 GB , Core i3 , 8 GB , Windows 11 Home ," Webcam, Thin ", Integrated ,"₹33,990.00",,,,,,,,,,,,
34, Xiaomi , Mi Notebook , 15.6 Inches , Gray , 512 GB , Core i5 , 16 GB , Windows 11 Home ," Backlift Keyboard, Fingerprint Sensor, Anti-glare Screen ", Integrated ,"₹55,939.00",,,,,,,,,,,,
35, HP , HP ProBook 445 G8 Notebook , 35.6 Centimetres , Pike Silver Aluminum , 512 GB , Ryzen 7 , 8 GB , DOS ," FHD, IPS Display, Anti-glare Display, Narrow bazel ", Integrated ,"₹46,990.00",,,,,,,,,,,,
36, HP , 14s-fq0568TU , 35.6 Centimetres , Jet Black , 256 GB , Athlon , 8 GB , Windows 11 Home ," HD, Micro-Edge Display ", Integrated ,"₹27,490.00",,,,,,,,,,,,
37, HP , HP 247 G8 Notebook , 35.6 Centimetres , Black , 256 GB , Athlon Silver 3050U , 4 GB , DOS ," Micro-edge, Anti-glare Display, HD ", Integrated ,"₹20,001.00",,,,,,,,,,,,
38, Lenovo , Lenovo IdeaPad-cr , 14 Inches ,, 500 GB , Core i5 Family , 8 GB , Windows 11 ," Webcam, Light Weight, Thin ", Integrated ,"₹16,999.00", Intel HD Graphics 520 ,,,,,,,,,,,
39, HP , 15s-du3614TU , 15.6 Inches , Jet Black , 1 TB , Core i3 , 8 GB , Windows 11 Home ," Fast Charging, Numeric Keypad ", Integrated ,"₹40,990.00",,,,,,,,,,,,
40, HP , HP 255 G8 Notebook , 39.6 Centimetres , Dark Ash Silver , 512 GB , Ryzen 3 , 8 GB , Windows 11 Pro ," Anti-glare Display, Narrow bazel, HD, Numeric Keypad ", Integrated ,"₹31,990.00",,,,,,,,,,,,
41, Lenovo , Lenovo Thinkpad L450-cr , 14 Inches ,, 1 TB , Intel Core i5 , 16 GB , Windows 11 ," Webcam, Light Weight, Thin ", Integrated ,"₹22,937.00", Intel HD Graphics 520 ,,,,,,,,,,,
42, Dell , 3380-cr , 13.3 Inches , Grey , 512 GB , Core i5 Family , 16 GB , Windows 10 Pro , Thin , Integrated ,"₹20,999.00",,,,,,,,,,,,
43, ASUS , ASUS Vivobook 15 , 15.6 Inches , Quiet Blue , 512 GB , Core i5 , 16 GB , Windows 11 Home , Backlit Keyboard , Integrated ,"₹56,990.00",,,,,,,,,,,,
44, HP , HP Pavilion , 14 Inches , Silver Touch screen , 512 GB , Core i5 , 16 GB , Windows 11 Home ," Full HD, Micro-Edge Display ", Integrated ,"₹67,997.00",,,,,,,,,,,,
45, HP , 14s- fy1003AU , 15.6 Inches , Natural Silver , 512 GB , AMD Ryzen 5 5500U , 16 GB , Windows 11 Home ," Full HD, Micro-Edge Display ", Integrated ,"₹48,990.00",,,,,,,,,,,,
46, ASUS , ASUS Vivobook 15 , 15.6 Inches , Icelight Silver , 512 GB , Core i5 , 16 GB , Windows 11 Home , Backlit Keyboard , Integrated ,"₹56,990.00",,,,,,,,,,,,
47, Lenovo , Lenovo V15 G3 IAP , 15.6 Inches , Iron Grey , 512 GB , Core i3-1215U , 8 GB , Windows 11 Home ," Portable, Anti Glare Screen, Light Weight, Thin ", Integrated ,"₹38,490.00",,,,,,,,,,,,
48, Lenovo , ThinkPad , 14 Inches , Black , 500 GB , Ryzen 3 5300U , 4 GB , Windows ,, Integrated ,"₹14,781.00", Intel_integrated_graphics ,,,,,,,,,,,
49, Lenovo , Thinkpad X250 , 12.5 Inches , Black , 256 GB , Ryzen 3 5300U , 256 GB , Windows 10 Pro ,,,"₹15,543.00", Intel ,, SSD ,,,,,,,,,
50, ASUS , Vivobook 15 , 15.6 Inches , Transparent Silver , 512 GB , Celeron , 8 GB , Windows 11 Home , Fingerprint Reader , Integrated ,"₹30,990.00",,,,,,,,,,,,
51, Lenovo , ThinkPad , 14 Inches ,, 256 GB , Core i5 6200U , 8 GB , Windows 10 ," Webcam, Light Weight ", Integrated ,"₹16,497.00", Intel HD Graphics 520 ,,,,,,,,,,,
52, HP , G8 , 14 Inches , Black , 512 GB , Ryzen 3 3250U , 8 GB , DOS ," Light Weight, Thin ", Integrated ,"₹27,027.00",,,,,,,,,,,,
53, Lenovo , Lenovo V15 AMD , 15.6 Inches , Iron Grey , 512 GB , Ryzen 3 5300U , 8 GB , Windows 11 Home ," Anti Glare Screen, Light Weight, Thin ", Integrated ,"₹33,329.00",,,,,,,,,,,,
54, Dell , 5490-cr , 14 Inches , Black , 512 GB , Core i5 Family , 8 GB , Windows 10 Pro ," Anti Glare Screen, Thin ", Integrated ,"₹21,925.00",,,,,,,,,,,,
55, ASUS , Vivobook 16 (2023) , 16 Inches , Indie Black , 512 GB , Core i5 , 16 GB , Windows 11 Home ," Fingerprint Reader, Backlit Keyboard ", Integrated ,"₹64,990.00",,,,,,,,,,,,
56, Acer , Extensa , 15.6 Inches ,, 512 GB , Ryzen 3 , 8 GB , Windows 11 Home ," Webcam, Thin ", Integrated ,"₹33,990.00",, 2.4 GHz ,,,,,,,,,,
57, HP , 15s-fr4000TU , 39.6 Centimetres , Silver , 512 GB , Core i5 , 8 GB , Windows 11 Home ," Backlit Keyboard, Anti Glare Coating, Numeric Keypad, Memory Card Slot, Multi-touch Gesture ", Integrated ,"₹52,490.00",,,,,,,,,,,,
58, Acer , Acer One 14 Z2-493 , 14 Inches , Rose Gold ,, Ryzen 3 3250U , 8 GB , Windows 11 Home , Webcam , Integrated ,"₹28,990.00", AMD Radeon Graphics ,,,,,,,,,,,
59, Dell , 3380-cr , 13.3 Inches , Grey , 256 GB , Core i5 Family , 8 GB , Windows 10 Pro , Thin , Integrated ,"₹17,499.00",,,,,,,,,,,,
60, ASUS , Vivobook 16X , 40.64 Centimetres , Transparent Silver , 512 GB , Ryzen 7 , 16 GB , Windows 11 Home ,"  FingerPrint, Backlit Keyboard, With Alexa voice-recognition support, FHD+ (1920 x 1200, WUXGA) 16:10 aspect ratio, Anti Glare Coating  See more  ", Integrated ,"₹58,990.00",,,,,,,,,,,,
61, HP , 15s-eq1559AU , 39.6 Centimetres , Jet Black , 512 GB , Athlon , 8 GB , Windows 11 Home ," HD, Micro-Edge Display ", Integrated ,"₹32,999.00",,,,,,,,,,,,
62, Acer , Acer one 14 , 14 Inches , Silver ,, Core i5 , 8 GB , Windows 11 Home ," Anti Glare Screen, Webcam, Memory Card Slot ", Integrated ,"₹44,990.00", Intel Iris Xe Graphics ,,,,,,,,,,,
63, Lenovo , Ideapad Slim 3 15ITL05 , 15.6 Inches , Platinum Grey ,, Core i3 , 8 GB , Windows 11 Home , Anti Glare Coating , Integrated ,"₹39,490.00", Intel UHD Graphics ,,,,,,,,,,,
64, Dell , Dell Latitude-cr , 14 Inches ,, 512 GB , Intel Core i5 , 16 GB , Windows 11 ," Webcam, Light Weight, Thin ", Integrated ,"₹28,998.00", Intel UHD Graphics ,,,,,,,,,,,
65, Lenovo , E41-45 , 14 Inches ,, 1 TB , Athlon , 8 GB , DOS ," Light Weight, Thin ", Integrated ,"₹21,790.00", AMD Radeon Vega 8 ,,,,,,,,,,,
66, HP ,, 14 Inches ,, 256 GB , Celeron , 256 GB ," Windows 8, Windows 7, Windows, Windows 11 Home, Mac OS, Windows 10 "," Portable, Light Weight, Micro-Edge Display, Thin ",,"₹27,739.00",,, Solid State Hard Drive ,," Bluetooth, Wi-Fi, USB, HDMI ", Intel ,,,,,,
67, HP , HP Chromebook , 13.3 Inches ,, 32 GB , Core M Family , 8 GB , Chrome OS ," Webcam, Thin ", Integrated ,"₹14,899.00", Intel HD Graphics 515 ,,,,,,,,,,,
68, ASUS , Vivobook 16X , 16 Inches , Transparent Silver , 512 GB , AMD Ryzen 7 , 16 GB , Windows 11 Home ," Fingerprint Reader, Backlit Keyboard ", Integrated ,"₹58,990.00",,,,,,,,,,,,
69, HP , 15s-fr2511TU , 15.6 Inches , Natural Silver , 512 GB , Core i3 , 8 GB , Windows 11 Home , Micro-Edge Display , Integrated ,"₹40,399.00",,,,,,,,,,,,
70, Lenovo , IdeaPad D330-10IGL , 10.1 Inches , Mineral GrEY , 128 GB , Celeron N4020 , 4 GB , Windows 10 Home , Anti Glare Screen , Integrated ,"₹17,990.00",,,,,,,,,,,,
71, HP , HP Laptop 15s-eq2144AU , 15.6 Inches , Natural Silver , 512 GB , AMD Ryzen 5 5500U , 8 GB , Windows 11 ," Micro Edge, Anti Glare, Dual Speakers, Built in Alexa, Multi Touch Gesture, Lightweight ", Integrated ,"₹44,490.00",,,,,,,,,,,,
72, Dell , 5490-cr , 14 Inches , Black , 256 GB , Core i5 Family , 8 GB , Windows 10 Pro ," Anti Glare Screen, Thin ", Integrated ,"₹20,999.00",,,,,,,,,,,,
73, HP , HP 250 G8 , 15.6 Inches , Black , 512 GB , Intel Core i3 , 8 GB , DOS ," Light Weight, Thin ", Integrated ,"₹34,290.00",,,,,,,,,,,,
74, HP , 15s , 15.6 Inches , Natural Silver , 512 GB , Core i5 , 8 GB , Windows 11 Home ," FHD, Micro-Edge Display ", Integrated ,"₹54,999.00",,,,,,,,,,,,
75, Lenovo , ThinkPad X260 ,,,, Core i5 ,, Windows 10 Pro ," Spill resistant, FHD Webcam, Anti Glare Coating ",,"₹16,631.00",," 3.0, 2.4 GHz "," HDD, Solid State Hard Drive ", 1.5 Kilograms ," Bluetooth, Wi-Fi, USB, Ethernet, HDMI ",, 1280 x 720 ,,,,,
76, MSI , Modern 15 B7M-073IN , 40 Centimetres ,,, Ryzen 7 , 16 GB , Windows 11 Home ," Light Weight, Thin ", Integrated ,"₹54,990.00", AMD Radeon Graphics , 4.5 GHz ,,,,,,,,,,
77, Dell , 3380-cr , 13.3 Inches , Grey , 256 GB , Core i5 Family , 8 GB , Windows 10 Pro , Thin , Integrated ,"₹17,499.00",,,,,,,,,,,,
78, HP , 15-fd0019TU , 39.6 Centimetres , Diamond White , 512 GB , Core i3 , 8 GB , Windows 11 Home ," FHD, Micro-Edge Display, Anti-Glare ", Integrated ,"₹46,990.00",,,,,,,,,,,,
79, Dell , 5490-cr , 14 Inches , Black , 256 GB , Core i5 Family , 16 GB , Windows 10 Pro ," Anti Glare Screen, Thin ", Integrated ,"₹21,499.00",,,,,,,,,,,,
80, ASUS , Vivobook 15 (2023) , 15.6 Inches , Quiet Blue , 512 GB , Core i3 , 8 GB , Windows 11 Home , Backlit Keyboard , Integrated ,"₹45,990.00",,,,,,,,,,,,
81, Xiaomi , Mi Notebook , 15.6 Inches , Lustrous Gray , 512 GB , Core i5 , 16 GB , Windows 11 ," Fingerprint Reader, Backlit Keyboard ", Integrated ,"₹55,999.00",,,,,,,,,,,,
82, Dell , Latitude-cr , 14 Inches , Black , 1 TB , Intel Core I5 6600 , 16 GB , Windows ,, Integrated ,"₹23,199.00",, 2.4 GHz ,,,,,,,,,,
83, Dell , Lattitude E5270 , 12.5 Inches ,, 256 GB , Core i5 6200U , 8 GB , Windows 10 , Anti reflective ,,"₹19,855.00", Intel HD Graphics 520 , 2.4 GHz ,,,,,,,,,,
84, Lenovo , Lenovo Notebook , 15.6 Inches ,,, AMD A6 , 16 GB , Windows ,, Integrated ,"₹15,999.00",, 2.6 GHz , SSD , 1.61 Kilograms ,,,,,,,,
85, HP , HP Chrome , 14 Inches ,, 64 GB , Intel Core i5 , 8 GB , Chrome OS ," Webcam, Thin ", Integrated ,"₹20,899.00",, 1.7 GHz ,,,,,,,,,,
86, ASUS , Vivobook Go 15 (2023) , 15.6 Inches , Mixed Black , 512 GB , Core i3 , 8 GB , Windows 11 Home , Backlit Keyboard , Integrated ,"₹38,990.00",,,,,,,,,,,,
87, Lenovo ,, 14 Inches ,, 512 GB , AMD Ryzen 3 3300U , 512 GB , Windows ," Anti Glare Screen, Light Weight, Thin ", Integrated ,"₹33,999.00", AMD Radeon Graphics , 3.2 GHz ,,,,,,,,,,
88, HP , Probook-cr , 14 Inches , Black , 256 GB , Core i5 , 8 GB , Windows 10 Pro ," Anti Glare Screen, Thin ", Integrated ,"₹17,008.00",,,,,,,,,,,,
89, HP , 14s- fy1005AU , 14 Inches , Natural Silver , 512 GB , AMD Ryzen 7 5700U , 16 GB , Windows 11 Home ," Full HD, Micro-Edge Display ", Integrated ,"₹59,990.00",,,,,,,,,,,,
90, ASUS , Vivobook 15 (2023) , 15.6 Inches , Cool Silver , 512 GB , Core i3 , 8 GB , Windows 11 Home , Fingerprint Reader , Integrated ,"₹45,990.00",,,,,,,,,,,,
91, Lenovo , IdeaPad , 15.6 Inches , Graphite Grey , 512 GB , Core i5 , 16 GB , Windows 11 Home ," Fingerprint Reader, Anti Glare Screen, Light Weight, Backlit Keyboard, Thin ", Integrated ,"₹60,990.00",,,,,,,,,,,,
92, Dell , Vostro 3510 , 15.6 Inches , Titan Grey , 512 GB , Core i5 , 8 GB , Windows 11 Home ," Fingerprint Reader, Backlit Keyboard ", Integrated ,"₹51,990.00",,,,,,,,,,,,
93, ASUS , Vivobook 16X , 40.64 Centimetres , Silver , 512 GB , Ryzen 5 , 16 GB , Windows 11 Home ,"  FingerPrint, with Alexa voice-recognition support, Backlit Keyboard, FHD+ (1920 x 1200, WUXGA) 16:10 aspect ratio, Anti Glare Coating  See more  ", Integrated ,"₹52,990.00",,,,,,,,,,,,
94, Lenovo , Lenovo V15 , 15.6 Inches , Iron Grey , 512 GB , AMD Ryzen 5 5500U , 8 GB , Windows 11 Home ," Anti Glare Screen, Light Weight, Thin ", Integrated ,"₹38,490.00",,,,,,,,,,,,
95, Dell , Latitude , 14.1 Inches , Black , 512 GB , Intel Core i5 , 512 GB , Windows 10 Pro ,, HD Graphic 520 ,"₹20,600.00", intel ,,,,,,,,,,,
96, ASUS , Vivobook 15 (2023) , 15.6 Inches , Cool Silver , 512 GB , Core i5 , 8 GB , Windows 11 Home , Fingerprint Reader , Integrated ,"₹59,990.00",,,,,,,,,,,,
97, Microsoft , Laptop Go , 12.4 Inches ,, 64 GB , Core i5-1035G1 , 4 GB , Windows 10 Pro , Touchscreen , Integrated ,"₹42,990.00", Intel UHD Graphics ,,,,,,,,,,,
98, Acer , Aspire 3 15 , 15.6 Inches ,, 256 GB , Ryzen 3 , 8 GB , Windows 11 Home , Thin , Integrated ,"₹32,990.00", AMD Radeon Graphics ,,,,,,,,,,,
99, Dell , Lattitude E5270 , 12.5 Inches ,, 256 GB , Core i5 6200U , 8 GB , Windows 10 , anti reflective ,,"₹19,855.00", Intel HD Graphics 520 , 2.4 GHz ,,,,,,,,,,
100, HP ,, 14 Inches ,, 1 TB , Athlon , 8 GB ," Windows 7, Windows 10 "," Light Weight, Thin ",,"₹28,271.00",, 2.3 GHz , HDD ,,,, 1366 x 768 ,,,,,
101, Lenovo , Lenovo ThinkPad , 14 Inches ,, 256 GB , Intel Core i5 , 8 GB , Windows , Touchscreen , Integrated ,"₹20,499.00",, 2.3 GHz ,,,,,,,,,,
102, HP , 15-eg3026TU , 39.6 Centimetres , Natural Silver , 512 GB , Core i5 , 16 GB , Windows 11 Home ," Fingerprint Reader, FHD, Backlit Keyboard, Micro-Edge Display, Anti-Glare ", Integrated ,"₹73,990.00",,,,,,,,,,,,
103, Dell , 5490-cr , 14 Inches , Black , 1 TB , Core i5 Family , 16 GB , Windows 10 Pro ," Anti Glare Screen, Thin ", Integrated ,"₹27,839.00",,,,,,,,,,,,
104, Lenovo , V15 , 15 Centimetres , Gray , 512 GB , AMD Ryzen 5 5500U , 8 GB , DOS ,, Integrated ,"₹38,499.00", AMD Radeon Graphics ,,,,,,,,,,,
105, ASUS , Vivobook 15 (2023) , 15.6 Inches , Quiet Blue , 512 GB , Core i3 , 8 GB , Windows 11 Home , Backlit Keyboard , Integrated ,"₹45,990.00",,,,,,,,,,,,
106, Lenovo , Thinkpad T460 , 14 Inches , Black , 256 GB , Core i5 , 16 GB , DOS , Numeric Keypad , Integrated ,"₹18,498.00",,,,,,,,,,,,
107, HP , HP Laptop 15s-eq2144AU , 15.6 Inches , Natural Silver , 512 GB , AMD Ryzen 5 5500U , 8 GB , Windows 11 ," Micro Edge, Anti Glare, Dual Speakers, Built in Alexa, Multi Touch Gesture, Lightweight ", Integrated ,"₹44,490.00",,,,,,,,,,,,
108, ASUS , Vivobook Pro 15 OLED , 15.6 Inches ,, 512 GB , Ryzen 5 , 16 GB , Windows 11 Home ," Light Weight, Thin ", Dedicated ,"₹75,960.00",, 4.2 GHz ,,,,,,,,,,
109, HP , 14s- fy1005AU , 14 Inches , Natural Silver , 512 GB , AMD Ryzen 7 5700U , 16 GB , Windows 11 Home ," Full HD, Micro-Edge Display ", Integrated ,"₹59,990.00",,,,,,,,,,,,
110, Dell , 3380-cr , 13.3 Inches , Grey , 256 GB , Core i5 Family , 16 GB , Windows 10 Pro , Thin , Integrated ,"₹18,499.00",,,,,,,,,,,,
111, Lenovo , Thinkpad , 14 Inches , Black , 500 GB , Core i5 , 4 GB , Windows 7 , HD Audio , Integrated ,"₹13,340.00",,,,,,,,,,,,
112, Lenovo , Lenovo Ideapad Duet Chromebook , 25.65 Centimetres , Gray , 128 GB ,, 4 GB , Chrome OS , E-Mail , Integrated ,"₹25,999.00", MediaTek ,,,,,,,,,,,
113, Lenovo , L13 , 14 Inches ,, 256 GB , Core i5 6200U , 8 GB , Windows 10 Pro , HDMI , Integrated ,"₹19,490.00",, 2.5 GHz ,,,,,,,,,,
114, Dell , Dell Latitude-cr , 12.5 Inches ,, 256 GB , Intel Core i5 , 8 GB , Windows 10 ," Webcam, Light Weight, Thin ", Integrated ,"₹17,990.00", Intel® HD Graphics 5500 ,,,,,,,,,,,
115, Lenovo , V15 , 15.6 Inches ,, 512 GB , Ryzen 5 5500U , 8 GB , Windows ," Anti Glare Screen, Light Weight, Thin ", Integrated ,"₹38,490.00", AMD Radeon Graphics ,,,,,,,,,,,
116, Lenovo , T460-cr , 14 Inches ,, 1 TB , Core i5 Family , 16 GB , Windows 10 Pro ,, Integrated ,"₹21,684.00",, 2.4 GHz , SSD ,,,,,,,,,
117, Redmi , RedmiBook 15 , 39.62 Centimetres , Charcoal Gray , 256 GB , Core i3 , 8 GB , Windows 10 Home ," Memory Card Slot, Anti Glare Coating ", Integrated ,"₹24,990.00",,,,,,,,,,,,
118, Lenovo , E41-55 , 14 ,, 512 GB , Ryzen 3 , 8 GB , Windows ,, Integrated ,"₹29,499.00",, 4.4 GHz , SSD ,,,,,,,,,
119, Lenovo , S14 , 14 Inches , Silver , 512 GB , Core i5 Family , 16 GB , Windows 11 ,"  Fingerprint Reader, HD Audio, Spill resistant, Backlit Keyboard, Memory Card Slot, Anti Glare Coating  See more  ", Integrated ,"₹56,999.00",,,,,,,,,,,,
120, Dell , Vostro 3510 , 39.63 Centimetres , Gray , 1 TB , Core i3 , 8 GB , Windows 11 ,  Minimizes the time you spend tethered to an outlet and will recharge your battery in a flash (up to 80% in 60 minutes*).  See more  , Integrated ,"₹44,999.00",,,,,,,,,,,,
121, Lenovo , ThinkPad , 14 Inches ,, 256 GB , Intel Core i3 , 8 GB , Windows 10 Pro ," Webcam, Light Weight, Thin ", Integrated ,"₹16,296.00", Intel HD Graphics ,,,,,,,,,,,
122, HP , 14-ec1005AU , 35.6 Centimetres , Natural Silver , 512 GB , Ryzen 5 , 16 GB , Windows 11 Home ," Bright View, FHD, Backlit Keyboard, Micro-Edge Display ", Dedicated ,"₹56,990.00",,,,,,,,,,,,
123, HP , 13-be2056AU , 33.8 Centimetres , Pale Rose Gold , 512 GB , Ryzen 5 , 16 GB , Windows 11 Home ," Fingerprint Reader, Temporal noise reduction, Backlit Keyboard, Micro-Edge Display, Anti-Glare ", Integrated ,"₹67,990.00",,,,,,,,,,,,
124, HP , HP Pavilion 14-ec1003AU , 14 Inches , Natural Silver ,, Ryzen 5 , 8 GB , Windows 11 Home ," FHD, Micro-Edge Display ", Integrated ,"₹52,990.00", AMD Radeon Graphics ,,,,,,,,,,,
125, Lenovo , Lenovo IdeaPad-cr , 14 Inches ,, 256 GB , Intel Core i3 , 12 GB , Windows 11 ," Webcam, Light Weight, Thin ", Integrated ,"₹17,393.00", Intel HD Graphics 520 ,,,,,,,,,,,
126, HP , 15-fc0025AU , 39.6 Centimetres , Natural Silver , 512 GB , Ryzen 3 , 8 GB , Windows 11 Home ," FHD, Backlit Keyboard, Micro-Edge Display, Anti-Glare ", Integrated ,"₹39,490.00",,,,,,,,,,,,
127, Dell , Latitude , 14 Inches , Grey , 120 GB , Core i3 , 4 GB , Windows 7 ,, Integrated ,"₹13,499.00", Integrated Graphics ,,,,,,,,,,,
128, Dell , Vostro 3510 , 39.63 Centimetres , Gray , 1 TB , Core i3 , 8 GB , Windows 11 ,  minimizes the time you spend tethered to an outlet and will recharge your battery in a flash (up to 80% in 60 minutes*).  See more  , Integrated ,"₹44,999.00",,,,,,,,,,,,
129, Lenovo , Lenovo , 15.6 Inches , Iron Grey ,, Celeron N4020 , 4 GB , DOS , Anti Glare Screen , Integrated ,"₹27,990.00", Intel Celeron Processor N4020 ,,,,,,,,,,,
130, ASUS , Vivobook 14 OLED (2022) , 35.56 Centimetres , Indie Black , 512 GB , Core i3 , 8 GB , Windows 11 Home ," Backlit Keyboard, Fingerprint Reader, Multi-touch Gesture, Light Weight ", Integrated ,"₹48,990.00",,,,,,,,,,,,
131, HP , 15-fc0028AU , 39.6 Centimetres , Natural Silver , 512 GB , Ryzen 5 , 8 GB , Windows 11 Home ," FHD, Backlit Keyboard, Micro-Edge Display, Anti-Glare, Numeric Keypad ", Integrated ,"₹46,990.00",,,,,,,,,,,,
132, Lenovo , L13 , 14 Inches ,, 256 GB , Core i5 6200U , 8 GB , Windows 10 Pro , HDMI , Integrated ,"₹19,490.00",, 2.5 GHz ,,,,,,,,,,
133, HP , 16-e0350ax , 39.6 Centimetres , Performance Blue , 512 GB , AMD Ryzen 5 5600X , 16 GB , Windows 11 Home ," FHD, Backlit Keyboard, Micro-Edge Display, Anti-Glare ", Dedicated ,"₹64,990.00",,,,,,,,,,,,
134, Infinix , INBook X1 Neo , 14 Inches , Cosmic Blue , 128 GB , Celeron N , 4 GB , Windows 11 Home ," Light Weight, Thin ", Integrated ,"₹23,990.00",,,,,,,,,,,,
135, ASUS , Vivobook Go 15 (2023) , 15.6 Inches , Cool Silver , 512 GB , Core i3 , 8 GB , Windows 11 Home , Backlit Keyboard , Integrated ,"₹38,890.00",,,,,,,,,,,,
136, HP , Probook x360 11 G2 EE Multi-Touch 2-in-1 Laptop , 11.6 Inches ,, 512 GB , Core_m , 8 GB , Windows 10 Pro , Thin , Integrated ,"₹21,490.00",, 1.61 GHz ,,,,,,,,,,
137, Dell , Dell Latitude-cr , 12.5 Inches ,, 256 GB , Intel Core i5 , 8 GB , Windows 10 ," Webcam, Light Weight, Thin ", Integrated ,"₹17,990.00", Intel® HD Graphics 5500 ,,,,,,,,,,,
138, Dell , Inspiron 3511 , 15.6 Inches , Platinum Silver , 1256 GB , Core i3 , 8 GB , Windows 11 , Numeric Keypad , Integrated ,"₹39,990.00",,,,,,,,,,,,
139, Honor , NMH-WFQ9HN , 14 Inches , Mystic Silver , 512 GB , AMD Ryzen 5 5500U , 16 GB , Windows 11 Home ," Fingerprint Reader, High Definition Audio, TrackPoint, Backlit Keyboard, Anti Glare Coating ", Integrated ,"₹41,990.00",,,,,,,,,,,,
140, Lenovo ,, 15.6 Inches , Platinum Grey , 512 GB , Core i3 , 8 GB ,," Anti Glare Screen, Light Weight, Thin ", Integrated ,"₹38,479.00",,, Solid State Hard Drive ,,,, 1080p ,,,,,
141, ASUS , Vivobook S 14 Flip , 35.56 Centimetres , Silver , 512 GB , Ryzen 5 , 8 GB , Windows 11 Home ," Fingerprint Reader, HD Audio, Backlit Keyboard, Support Stylus ", Integrated ,"₹60,870.00",,,,,,,,,,,,
142, Lenovo , T460-cr , 14 Inches ,, 1 TB , Core i5 Family , 16 GB , Windows 10 Pro ,, Integrated ,"₹21,684.00",, 2.4 GHz , SSD ,,,,,,,,,
143, Lenovo , 81WB01G0IN , 15.6 Centimetres , Gray , 512 GB , Core i5-10210U , 8 GB , ‎Windows 11 Home ," Anti Glare Screen, Light Weight, Thin ", Dedicated ,"₹45,990.00",,,,,,,,,,,,
144, Lenovo , 82RK0017US , 15.6 ,,, Intel Core i5 , 8 GB , Windows 11 Pro ,, Integrated ,"₹49,990.00",, 1.3 GHz , SSD ,,,,, 2 ,,,,
145, Dell , Latitude , 12.5 Inches , Black , 256 GB , Core i7 5600U , 256 GB , Windows 10 Pro ,,,"₹19,065.00", Intel graphics ,, SSD ,,,,,,,,,
146, HP , 15s- eq2213AU , 39.6 Centimetres , Silver , 512 GB , Ryzen 3 , 8 GB , Windows 11 Home ," FHD, Backlit Keyboard, Micro-Edge Display, Anti-Glare ", Integrated ,"₹38,990.00",,,,,,,,,,,,
147, Lenovo , Lenovo ThinkPad-cr , 13.3 Inches , Black , 256 GB , Core i5 7200U , 8 GB , Windows 11 Pro , Anti Glare Screen , Integrated ,"₹18,999.00",,,,,,,,,,,,
148, ASUS , VivoBook 14 , 14 Inches , Silver , 256 GB , Pentium , 256 GB , Windows ," Anti Glare Screen, Light Weight, Thin ",,"₹29,489.00", Intel UHD Graphics 600 ,,,,,,,,,,,
149, Lenovo , Lenovo V15 , 15.6 Inches , Iron Grey , 512 GB , Core i5 , 8 GB , DOS ," Anti Glare Screen, Light Weight, Thin ", Integrated ,"₹49,999.00",,,,,,,,,,,,
150, Xiaomi , Mi Notebook , 14 Inches , Lustrous Gray , 512 GB , Core i5 , 16 GB , Windows 11 Home ," Fingerprint Reader, Lightweight, Backlit Keyboard, Anti Glare Coating ", Integrated ,"₹61,999.00",,,,,,,,,,,,
151, Dell , 3180 , 11.6 Inches ,, 256 GB , Pentium N4200 , 4 GB , Windows 10 Pro ," Portable, Light Weight ", Dedicated ,"₹13,438.00",, 1.1 GHz ,,,,,,,,,,
152, ASUS , X515EA-EJ322WS , 15.6 Inches , Transparent Silver , 512 GB , Core i3 , 8 GB , Windows 11 Home ," fingerprint_reader, light_weight, Anti Glare Coating ", Integrated ,"₹37,499.00",,,,,,,,,,,,
153, Lenovo , Thinkpad , 12.5 Inches , Black , 512 GB , Core i5 4300U , 512 GB , Windows 10 Pro ,,,"₹17,356.00", Intel ,, SSD ,,,,,,,,,
154, HP , 840g3 , 14 Inches , Silver , 512 GB , Core i5 6200U , 512 GB , Windows , Light Weight ,,"₹20,393.00", Intel HD Graphics ,,,,,,,,,,,
155, Dell , Vostro 3420 , 14 Inches , Titan Grey , 512 GB , Core i3 , 8 GB , Windows 11 Home , Thin , Integrated ,"₹39,990.00",,,,,,,,,,,,
156, Dell , Dell Latitude 5400 , 14 Inches , Black , 256 GB , Core i5 8250U , 16 GB , Windows 10 Pro ,, Integrated ,"₹27,994.00",, 1.9 GHz ,,,,,,,,,,
157, ASUS , Vivobook 15 , 39.62 Centimetres , Quiet Blue , 512 GB , Core i3 , 8 GB , Windows 11 Home ," 60Hz Refresh Rate, FingerPrint, FHD (1920 x 1080), Chiclet Keyboard ", Integrated ,"₹45,500.00",,,,,,,,,,,,
158, HP , 15a- na0008TU , 39.6 Centimetres , Mineral Silver , 128 GB , Celeron , 4 GB , Chrome OS ," Micro-edge, Anti-glare, HD, Micro-Edge Display ", Integrated ,"₹28,900.00",,,,,,,,,,,,
159, HP , 6X4B2PA , 15.6 Inches , Black , 256 GB , Athlon 3050U , 4 GB , DOS ," Light Weight, Thin ", Integrated ,"₹22,990.00",,,,,,,,,,,,
160, Lenovo , IdeaPad Gaming 3 15IHU6 , 15.6 Inches , Shadow Black ,, Core i5 , 16 GB , Windows 11 Home ," Light Weight, Backlit Keyboard, Anti Glare Coating ", Dedicated ,"₹68,990.00", NVIDIA GeForce RTX 3050 ,,,,,,,,,,,
161, HP , 840G5-cr , 14.1 Inches ,, 512 GB , Core i5 8250U , 16 GB , Windows 10 Pro , Thin , Integrated ,"₹29,980.00",, 1.7 GHz ,,,,,,,,,,
162, Dell , Latitude , 14 Inches , Grey , 240 GB , Core i3 , 4 GB , Windows 7 ,, Integrated ,"₹15,094.00", Integrated Graphics ,,,,,,,,,,,
163, Dell , New Inspiron 15 Laptop , 15.6 Inches , Carbon Black , 512 GB , Core i5 , 8 GB , Windows 11 Home ,, Integrated ,"₹61,428.00",, 3.4 GHz ,,,,,,,,,,
164, HP , 15s-ey1508AU , 15.6 Inches , Black , 256 GB , Ryzen 3 , 8 GB , Windows 11 Home ," Micro-Edge Display, HD ", Integrated ,"₹33,400.00",,,,,,,,,,,,
165, Dell , DELL LATITUDE 7390-cr , 14 Inches , Black , 256 GB , Core i5 8250U , 8 GB , Windows 10 Pro , Webcam , Integrated ,"₹24,999.00",,,,,,,,,,,,
166, Lenovo , LENOVO E41-55 , 14 Inches , Black , 1 TB , Athlon , 4 GB , Windows 10 Home ," Anti Glare Screen, Light Weight, Thin ", Integrated ,"₹19,479.00",,,,,,,,,,,,
167, Lenovo , Lenovo V15 , 15.6 Inches , Iron Grey , 512 GB , Core i5 Family , 8 GB , Windows 11 Home ," Anti Glare Screen, Light Weight, Thin ", Integrated ,"₹49,999.00",,,,,,,,,,,,
168, ASUS , Vivobook Go 14 (2023) , 14 Inches , Mixed Black , 512 GB , Ryzen 5 , 8 GB , Windows 11 Home , Anti Glare Coating , Integrated ,"₹49,410.00",,,,,,,,,,,,
169, Lenovo , Lenovo Thinkpad L450-cr , 14 Inches ,, 512 GB , Intel Core i5 , 8 GB , Windows 11 ," Webcam, Light Weight, Thin ", Integrated ,"₹19,994.00", Intel HD Graphics 520 ,,,,,,,,,,,
170, Lenovo , Lenovo E41-55 , 14 Inches , Grey ,, Athlon Silver 3050U , 4 GB , DOS ," Portable, Anti Glare Screen, Light Weight, Thin ", Integrated ,"₹18,890.00", Intel GMA 3150 ,,,,,,,,,,,
171, ASUS , Vivobook S 14 Flip (2022) , 35.56 Centimetres , Cool Silver , 512 GB ,, 16 GB , Windows 11 Home , 1080p FHD camera with privacy shutter , Integrated ,"₹61,990.00", AMD Radeon Graphics ,,,,,,,,,,,
172, HP , 14s-dy5005TU , 35.6 Centimetres , Natural Silver , 512 GB , Intel Core i5 , 16 GB , Windows 11 Home ," Full HD, Micro-Edge Display ", Integrated ,"₹50,991.00",,,,,,,,,,,,
173, HP ,, 14.5 Inches , Silver , 500 GB , Core i5-6267U , 8 GB , Windows 10 Pro , Anti Glare Screen , Integrated ,"₹19,604.00", Intel ,,,,,,,,,,,
174, Lenovo , V14 ADA , 14 Inches , Iron Grey , 1 TB , Atom Z8700 , 4 GB , DOS , anti reflective , Integrated ,"₹27,499.00",,,,,,,,,,,,
175, ASUS , Vivobook 16X , 40.64 Centimetres , Transparent Silver , 512 GB , Ryzen 7 , 16 GB , Windows 11 Home ,"  FingerPrint, with Alexa voice-recognition support, Backlit Keyboard, FHD+ (1920 x 1200, WUXGA) 16:10 aspect ratio, Anti Glare Coating  See more  ", Integrated ,"₹50,141.00",,,,,,,,,,,,
176, Lenovo , Lenovo V14 , 14 Inches , Iron Grey , 512 GB , Core i5 , 8 GB , DOS ," Anti Glare Screen, Thin ", Integrated ,"₹46,680.00",,,,,,,,,,,,
177, Lenovo , Lenovo Thinkpad T450 , 14 Inches , Multi-Colour , 256 GB , Ryzen 3 5300U , 256 GB , Windows 10 Pro , Webcam , Integrated ,"₹17,398.00",,,,,,,,,,,,
178, Lenovo , TB 15 G4 , 15.6 Inches , Mineral Grey , 512 GB , Core i5 , 16 GB , Windows 11 Home , Fingerprint Reader , Integrated ,"₹58,990.00",,,,,,,,,,,,
179, HP , HP ProBook 445 G8 Notebook , 35.6 Centimetres , Pike Silver Aluminum , 512 GB , Ryzen 7 , 8 GB , DOS ," FHD, IPS Display, Anti-glare Display ", Integrated ,"₹46,990.00",,,,,,,,,,,,
180, Lenovo , ThinkPad E14 Gen 4 (Intel) , 14 Inches ,,, Core i3 Family , 8 GB ," Windows® 11 Pro, English ",, Integrated ,"₹62,499.00",, 4.4 GHz , SSD ,,,,,, 1 ,,,
181, Lenovo , L380 yoga , 13.3 Inches ,, 512 GB , Core i5 8250U , 32 GB , Windows 10 Pro , Touch Screen , Integrated ,"₹32,990.00",, 1.6 GHz ,,,,,,,,,,
182, Lenovo , T470 , 14 Inches ,, 512 GB , Core i5 7200U , 16 GB , Windows 10 Pro , HDMI , Integrated ,"₹27,490.00",, 2.5 GHz ,,,,,,,,,,
183, HP , 14-dv2053TU , 14 Inches , Natural Silver ,, Core i5 , 8 GB , Windows 11 Home ," Full HD, Micro-Edge Display ", Integrated ,"₹62,490.00", Intel UHD Graphics ,,,,,,,,,,,
184, Lenovo , Lenovo V15 , 15.6 Inches , Iron Grey , 512 GB , Core i5 Family , 8 GB , Windows 11 Home ," Anti Glare Screen, Light Weight, Thin ", Integrated ,"₹49,999.00",,,,,,,,,,,,
185, Lenovo , L13 , 14 Inches ,, 1 TB , Core i5 6200U , 32 GB , Windows 10 Pro , HDMI , Integrated ,"₹26,690.00",, 2.5 GHz ,,,,,,,,,,
186, ASUS , Vivobook 16X , 16 Inches , Silver , 512 GB , Core i5 , 8 GB , Windows 11 Home ," Fingerprint Reader, Backlit Keyboard ", Dedicated ,"₹64,990.00",,,,,,,,,,,,
187, ASUS , Vivobook 15 (2023) , 15.6 Inches , Cool Silver , 512 GB , Core i3 , 8 GB , Windows 11 Home , Backlit Keyboard , Integrated ,"₹45,750.00",,,,,,,,,,,,
188, Dell ,, 15.6 Inches ,, 512 GB ,, 8 GB ,, Portable ,,"₹38,769.00",,, Solid State Hard Drive , 413 Grams ," USB, HDMI ", Intel ,, 3 ,,,,
189, Lenovo , E14 Gen 4 , 14 Inches , Black , 1 TB , Core i5 , 16 GB , Windows 11 Home ," Fingerprint Reader, Backlit Keyboard ", Integrated ,"₹74,990.00",,,,,,,,,,,,
190, Lenovo , Ideapad Slim 3 15ITL6 , 15.6 Inches , Arctic Grey ,, Core i5 , 8 GB , Windows 11 Home ," Anti Glare Screen, Built-in Microphone ", Integrated ,"₹48,999.00", Intel UHD Graphics ,,,,,,,,,,,
191, MSI , GF63 Thin 11SC-852IN , 40 Inches , Black ,, Intel Core i7 , 8 GB , Windows 10 Home ," Light Weight, Backlit Keyboard, Thin, Built-in Microphone ", Dedicated ,"₹72,100.00", NVIDIA GeForce GTX 1650 Max-Q ,,,,,,,,,,,
192, ASUS , X543MA , 15.6 Inches , Silver , 1 TB , Celeron , 4 GB , Windows 10 Home , Anti reflective , Integrated ,"₹22,490.00",,,,,,,,,,,,
193, Dell , Inspiron 5320 , 13.3 , Platinum Silver , 512 GB , Core i7 , 16 GB , Windows 11 ," Fingerprint Reader, Backlit Keyboard ", Integrated ,"₹89,990.00",,,,,,,,,,,,
194, Dell ,, 15.6 Inches ,, 512 GB ,, 8 GB ,, Portable ,,"₹38,769.00",,, Solid State Hard Drive , 413 Grams ," USB, HDMI ", Intel ,, 3 ,,,,
195, ASUS , Vivobook Go 15 (2023) , 15.6 Inches , Green Grey , 512 GB , Ryzen 5 , 16 GB , Windows 11 Home , Anti Glare Coating , Integrated ,"₹50,990.00",,,,,,,,,,,,
196, Lenovo , Thinkpad T480-cr , 14 Inches , Black , 256 GB , Core i5 Family , 16 GB , Windows 10 Pro , High Definition Audio , Intel uhd Graphics ,"₹26,500.00",,,,,,,,,,,,
197, Dell , Vostro , 14 Inches , Titan Grey , 512 GB , Core i5 , 16 GB , Windows 11 Home ," Fingerprint Reader, Backlit Keyboard ", Integrated ,"₹65,990.00",,,,,,,,,,,,
198, Dell , DELL LATITUDE 7390-cr , 13 Inches , Black , 256 GB , Core i5 8250U , 8 GB , Windows 10 Pro , Webcam , Integrated ,"₹23,000.00",,,,,,,,,,,,
199, HP , Hp EliteBook-cr , 14 Inches ,, 256 GB , Intel Core i5 , 8 GB , Windows 11 ," Webcam, Light Weight, Thin ", Integrated ,"₹19,419.00", Intel HD Graphics 520 ,,,,,,,,,,,
200, HP , Probook x360 11 G2 EE-cr , 11.6 Inches ,, 128 GB , core_m , 4 GB , Windows 10 Pro , Thin , Integrated ,"₹17,990.00",, 1 GHz ,,,,,,,,,,
201, Dell , E7280 , 12.5 Inches ,, 128 GB , Core i5-6260U , 8 GB , Windows 10 Pro , Thin , Integrated ,"₹17,621.00",, 2.4 GHz ,,,,,,,,,,
202, Lenovo , Lenovo V15 , 15.6 Inches , Iron Grey , 512 GB , AMD Ryzen 5 5500U , 8 GB , DOS ," Anti Glare Screen, Light Weight, Thin ", Integrated ,"₹38,999.00",,,,,,,,,,,,
203, MSI , 9S7-14J312-030 , 14 , Classic Black , 512 GB , Core i5 Family , 8 GB , Windows 10 Home ," Light Weight, Backlit Keyboard, Thin, Built-in Microphone ", Integrated ,"₹46,990.00",,,,,,,,,,,,
204, Lenovo , Lenovo E41-55 , 14 Inches , Iron Grey , 1 TB , Ryzen 3 3250U , 8 GB , DOS ," Portable, Anti Glare Screen, Light Weight ", Integrated ,"₹29,990.00",,,,,,,,,,,,
205, HP , Elitebook 840 G3 , 14 Inches ,, 256 GB , Core i5 , 8 GB , Windows 10 Pro ," Portable, Thin ",,"₹18,419.00", Intel HD Graphics 520 , 2.4 GHz ,,,,,,,,,,
206, Dell , Dell Vostro-cr , 14 Inches ,, 500 GB , Intel Core i3 , 4 GB , Windows 10 , Webcam , Integrated ,"₹12,399.00", Intel HD Graphics 4000 ,,,,,,,,,,,
207, HP , 14-dy0208TU , 14 Inches , Spruce Blue , 512 GB , Core i3 , 8 GB , Windows 11 Home ," FHD, Multitouch, Micro-Edge Display ", Integrated ,"₹56,070.00",,,,,,,,,,,,
208, Lenovo , Lenovo Thinkpad L450-cr , 14 Inches ,, 512 GB , Intel Core i5 , 16 GB , Windows 10 Pro , Webcam , Integrated ,"₹20,431.00", Intel HD Graphics 4400 ,,,,,,,,,,,
209, Lenovo ,, 14.1 Inches , Black , 1 TB , Core i5 , 4 GB , Windows 10 Pro ,, Integrated ,"₹16,567.00", Intel HD Graphics 3000 ,, HDD ,,,,,,,,,
210, HP , Hp EliteBook-cr , 14 Inches ,, 256 GB , Intel Core i5 , 8 GB , Windows 11 ," Webcam, Light Weight, Thin ", Integrated ,"₹19,419.00", Intel HD Graphics 520 ,,,,,,,,,,,
211, Lenovo , Lenovo Thinkpad L450-cr , 14 Inches ,, 500 GB , Intel Core i5 , 8 GB , Windows 10 Pro , Webcam , Integrated ,"₹15,499.00", Intel HD Graphics 4400 ,,,,,,,,,,,
212, HP , HP ChromeBook , 11.6 Inches ,, 16 GB , AMD A4 , 4 GB , Chrome OS ," Anti Glare Screen, Webcam, Light Weight, Thin ", Integrated ,"₹10,499.00", AMD Radeon R4 ,,,,,,,,,,,
213, Lenovo , Lenovo V15 , 15.6 Inches , Iron Grey , 512 GB , Core i5 Family , 8 GB , Windows 11 Home ," Anti Glare Screen, Light Weight, Thin ", Integrated ,"₹49,999.00",,,,,,,,,,,,
214, ASUS , Vivobook Go 14 (2023) , 14 Inches ,, 512 GB , Ryzen 3 , 8 GB , Windows 11 Home , Thin , Integrated ,"₹37,990.00", AMD Radeon Graphics ,,,,,,,,,,,
215, ASUS , X543MA , 15.6 Inches , Silver , 1 TB , Celeron , 4 GB , Windows 10 Home , anti reflective , Integrated ,"₹22,490.00",,,,,,,,,,,,
216, Dell , 3420 , 14 Inches , Black , 1536 GB , Intel Core i5-1135G7 , 16 GB , Windows 10 Pro Upgradeable into Windows 11 Pro ," Slim, Backlit Keyboard ", Integrated ,"₹75,999.00",,,,,,,,,,,,
217, Lenovo , L380 yoga , 13.3 Inches ,, 512 GB , Core i5 8250U , 32 GB , Windows 10 Pro , Touch Screen , Integrated ,"₹32,990.00",, 1.6 GHz ,,,,,,,,,,
218, HP , 15-eh2047au , 15.6 Inches , FHD , 512 GB , Ryzen 5 , 16 GB , Windows 11 Home ," FHD, Micro-Edge Display ", Integrated ,"₹54,990.00",,,,,,,,,,,,
219, ASUS , Vivobook 15 (2023) , 15.6 Inches , Cool Silver , 512 GB , Core i5 , 16 GB , Windows 11 Home , Backlit Keyboard , Integrated ,"₹64,990.00",,,,,,,,,,,,
220, HP , 15-EG2009TU , 15.6 Inches , Silver , 512 GB , Core i5 , 8 GB , Windows 11 Home ," Full HD, Micro-Edge Display ", Integrated ,"₹62,750.00",,,,,,,,,,,,
221, Lenovo , T470 , 14 Inches ,, 512 GB , Core i5 7200U , 16 GB , Windows 10 Pro , HDMI , Integrated ,"₹27,490.00",, 2.5 GHz ,,,,,,,,,,
222, Lenovo , 82RK0017US , 15.6 ,,, Intel Core i5 , 8 GB , Windows 11 Pro ,, Integrated ,"₹49,990.00",, 1.3 GHz , SSD ,,,,, 2 ,,,,
223, HP , 15-eg2017TU , 39.6 Centimetres , Natural Silver , 512 GB , Core i3 , 8 GB , Windows 11 Home ," FHD, Backlit Keyboard, Micro-Edge Display, Anti-Glare, Numeric Keypad ", Integrated ,"₹48,990.00",,,,,,,,,,,,
224, Lenovo , L13 , 14 Inches ,, 512 GB , Core i5 6200U , 4 GB , Windows 10 Pro , HDMI , Integrated ,"₹19,990.00",, 2.5 GHz ,,,,,,,,,,
225, HP , HP ProBook 445 G8 Notebook , 35.6 Centimetres , Pike Silver Aluminum , 512 GB , Ryzen 7 , 8 GB , DOS ," FHD, IPS Display, Anti-glare Display ", Integrated ,"₹46,990.00",,,,,,,,,,,,
226, HP , Elitebook 840 G3 , 14 Inches ,, 256 GB , Core i5 , 8 GB , Windows 10 Pro ," Portable, Thin ",,"₹18,419.00", Intel HD Graphics 520 , 2.4 GHz ,,,,,,,,,,
227, Lenovo , ThinkPad L460 , 14 Inches , Black , 240 GB , Core i5 6200U , 8 GB , Windows 10 Pro , anti reflective , Integrated ,"₹16,837.00",,,,,,,,,,,,
228, Lenovo ,, 14 Inches , Black , 512 GB , Core i5 , 512 GB , DOS ,,,"₹69,500.00",,, Solid State Hard Drive , 1.59 Kilograms ,,,,, 8 ,,,
229, Lenovo , ThinkBook 15 G3 , 15.6 Inches , Mineral grey , 512 GB , Ryzen 3 5300U , 8 GB , Windows 11 Home ," Fingerprint Reader, Anti Glare Screen, Light Weight, Thin ", Integrated ,"₹33,329.00",,,,,,,,,,,,
230, GIGABYTE , G5 GD-51IN123SE , 15.6 Inches , Black ,, Intel Core i5-11400 , 16 GB , Windows 11 Home ," Anti Glare Screen, Webcam, Backlit Keyboard, Thin ", Integrated ,"₹64,199.00", NVIDIA ,,,,,,,,,,,
231, Dell ,, 15.6 Inches ,, 512 GB ,, 8 GB ,, Portable ,,"₹38,769.00",,, Solid State Hard Drive , 413 Grams ," USB, HDMI ", Intel ,, 3 ,,,,
232, Lenovo , E14 Gen4 , 14 Inches , Black , 512 GB , Ryzen 5 , 8 GB , Windows 11 Home ," Anti Glare Screen, Light Weight, Backlit Keyboard, Thin ", Integrated ,"₹51,990.00",,,,,,,,,,,,
233, Lenovo , Thinkpad T480-cr , 14 Inches , Black , 256 GB , Core i5 Family , 16 GB , Windows 10 Pro , High Definition Audio , Intel uhd Graphics ,"₹26,500.00",,,,,,,,,,,,
234, MSI , GF63 Thin 11UC-867IN , 40 Centimetres , Black ,, Intel Core i5 , 8 GB , Windows 11 Home ," Light Weight, Backlit Keyboard, Thin, Built-in Microphone ", Dedicated ,"₹62,990.00"," NVIDIA GeForce RTX3050, GDDR6 4GB ",,,,,,,,,,,
235, Acer , Predator Helios Neo 16 , 16 Inches ,,, Core i7 , 16 GB , Windows 11 Home , Thin , Dedicated ,"₹1,49,500.00", NVIDIA GeForce RTX 4060 ,, SSD ,,,,,,,,,
236, HP , HP 245 G8 , 14 , Black , 1 TB , Ryzen 3 3250U , 4 GB , Windows 11 Home ,, Integrated ,"₹29,161.00",, 2.1 GHz ,,,,,,,,,,
237, ASUS , Vivobook Pro 15 , 39.62 Centimetres , Cool Silver , 512 GB , Ryzen 5 , 16 GB , Windows 11 Home ,"  Backlit Chiclet Keyboard, FingerPrint, FHD (1920 x 1080) 16:9 aspect ratio, Anti Glare Coating, 144Hz refresh rate  See more  ", Dedicated ,"₹68,366.00",,,,,,,,,,,,
238, Xiaomi , Xiaomi Notebook Pro 120 , 14 , Gray , 512 GB , Core i5 , 16 GB , Windows 11 ," Backlit Keyboard, Anti Glare Coating, Fingerprint Reader, Light Weight ", Integrated ,"₹67,999.00",,,,,,,,,,,,
239, Samsung , Galaxy Book2 , 15.6 Inches , Silver ,, Core i7 , 16 GB , Windows 11 Home ,"  FHD Display, Thin, Lightweight, Backlit Keyboard, Fingerprint Reader, MicroSD Card Reader, Ambient Light Sensor, Accelerometer Sensor, Gyro Sensor, Built-in Microphone, Long Lasting  See more  ", Integrated ,"₹76,990.00", Intel Iris Xe Graphics ,,,,,,,,,,,
240, Lenovo , IdeaPad 3 15IGL05 , 15.6 Inches , Platinum Grey , 256 GB , Celeron , 8 GB , Windows 11 Home ," Narrow Bezel, Dual Speakers, Anti Glare ", Integrated ,"₹28,990.00",,,,,,,,,,,,
241, GIGABYTE , G5 GD-51IN123SE , 15.6 Inches , Black ,, Intel Core i5-11400 , 16 GB , Windows 11 Home ," Anti Glare Screen, Webcam, Backlit Keyboard, Thin ", Integrated ,"₹64,199.00", NVIDIA ,,,,,,,,,,,
242, Dell , Latitude , 14.1 Inches , Black , 256 GB , Core i5 , 256 GB , Windows 10 Pro ," Light Weight, Thin ", Integrated ,"₹17,999.00",,,,,,,,,,,,
243, HP , 15s-fr4001TU , 39.6 Centimetres , Silver , 512 GB , Core i5 , 16 GB , Windows 11 Home ," FHD, Backlit Keyboard, Micro-Edge Display, Anti-Glare, Numeric Keypad ", Integrated ,"₹47,590.00",,,,,,,,,,,,
244, Lenovo ,, 15.6 Inches , Platinum Grey , 256 GB ,, 8 GB ,, Anti Glare Screen , Integrated ,"₹35,245.00",,, Solid State Hard Drive ,, USB ,, 1080p ,,,,,
245, ASUS , Vivobook 15 (2023) , 15.6 Inches , Quiet Blue , 512 GB , Core i3 , 8 GB , Windows 11 Home , Fingerprint Reader , Integrated ,"₹45,990.00",,,,,,,,,,,,
246, HP , HP ProBook 445 G8 Notebook , 35.6 Centimetres , Pike Silver Aluminum , 512 GB , Ryzen 7 , 8 GB , DOS ," FHD, IPS Display, Anti-glare Display ", Integrated ,"₹46,990.00",,,,,,,,,,,,
247, Lenovo , V15 , 15.6 Inches ,, 512 GB ,, 512 GB , Windows 11 Pro ," Anti Glare Screen, Light Weight, Thin ", Integrated ,"₹38,999.00", AMD Radeon Graphics ,, Solid State Hard Drive ,,,,,,,,,
248, Dell , Dell Vostro-cr , 14 Inches ,, 256 GB , Intel Core i3 , 8 GB , Windows 10 , Webcam , Integrated ,"₹14,819.00", Intel HD Graphics 4400 ,,,,,,,,,,,
249, HP , 15-fb0133AX , 39.6 Centimetres , Performance Blue , 512 GB , Ryzen 5 , 16 GB , Windows 11 Home ," FHD, Backlit Keyboard, Micro-Edge Display, Anti-Glare, Numeric Keypad ", Dedicated ,"₹61,990.00",,,,,,,,,,,,
250, ASUS , Vivobook 14 , 35.56 Centimetres , Transparent Silver , 512 GB , Core i3 , 8 GB , Windows 11 Home ," Anti Glare Screen, Light Weight, Thin ", Integrated ,"₹29,741.00",,,,,,,,,,,,
251, ASUS , Vivobook Go 14 (2023) , 14 Inches ,, 512 GB , Ryzen 3 , 8 GB , Windows 11 Home , Thin , Integrated ,"₹37,990.00", AMD Radeon Graphics ,,,,,,,,,,,
252, Lenovo , Lenovo Thinkpad L450-cr , 14 Inches ,, 500 GB , Intel Core i5 , 8 GB , Windows 10 Pro , Webcam , Integrated ,"₹15,499.00", Intel HD Graphics 4400 ,,,,,,,,,,,
253, ASUS , Vivobook Pro 16 OLED , 40.64 Centimetres , Cool Silver , 512 GB , Core i9 , 16 GB , Windows 11 Home ," FingerPrint, Backlit Chiclet Keyboard with Num-key, FHD+ (1920 x 1200, WUXGA), 120Hz Refresh Rate ", Dedicated ,"₹73,940.00",,,,,,,,,,,,
254, ASUS , ROG Flow Z13 (2022) , 34.03 Centimetres , Black , 512 GB ,,, Windows 11 Home ,"  1-Zone RGB Backlit Chiclet Keyboard, FingerPrint Reader, 100% sRGB Color Gamut, 120Hz Refresh Rate, FHD+ 16:10 (1920 x 1200, WUXGA)  See more  ", Integrated ,"₹88,990.00", Intel Iris Xe Graphics , 4.5 GHz ,,,,,,,,,,
255, Dell , Dell Latitude-cr , 12.5 Inches ,, 256 GB , Intel Core i7 , 8 GB , Windows 11 ," Webcam, Light Weight, Thin ", Integrated ,"₹22,108.00", Intel HD Graphics 520 ,,,,,,,,,,,
256, ASUS , Vivobook 14 , 35.56 Centimetres , Transparent Silver , 512 GB , Core i3 , 8 GB , Windows 11 Home ," Anti Glare Screen, Light Weight, Thin ", Integrated ,"₹29,741.00",,,,,,,,,,,,
257, ASUS , Vivobook 16X (2022) , 40.64 Centimetres , Transparent Silver , 512 GB , Ryzen 5 , 8 GB , Windows 11 Home ,"  Fingerprint Reader, 720p HD camera With privacy shutter, FHD+ 16:10 aspect ratio, Backlit Chiclet Keyboard with Num-key, Anti Glare Coating  See more  ", Integrated ,"₹40,791.50",,,,,,,,,,,,
258, Walker , INSPIRE , 14.1 Inches , Gray , 128 GB , Celeron N4020 , 4 GB , Windows 11 Home , HD Audio , Integrated ,"₹16,490.00",,,,,,,,,,,,
259, HP , 250 G8 , 15.6 Inches , Black ,, Intel Core i3 , 8 GB , Windows 10 Pro , Anti Glare Screen , Integrated ,"₹39,999.00", Intel UHD Graphics ,,,,,,,,,,,
260, Dell , Inspiron 5430 , 14 , Platinum Silver , 512 GB , Core i7 , 16 GB , Windows 11 Home ," Fingerprint Reader, Backlit Keyboard ", Integrated ,"₹91,200.00",,,,,,,,,,,,
261, HP , 15-eh2047au , 15.6 Inches , FHD , 512 GB , Ryzen 5 , 16 GB , Windows 11 Home ," FHD, Micro-Edge Display ", Integrated ,"₹54,990.00",,,,,,,,,,,,
262, Lenovo , V15 , 15.6 Centimetres ,, 512 GB , Core i3 Family , 8 GB , Windows ,, Integrated ,"₹38,999.00",, 4.4 GHz , SSD ,,,,,,,,,
263, ASUS , Vivobook 15 , 39.62 Centimetres , Indie Black , 512 GB , Core i5 , 8 GB , Windows 11 Home ," Anti Glare Coating, Fingerprint Reader, Numeric Keypad, Light Weight ", Integrated ,"₹46,800.00",,,,,,,,,,,,
264, Samsung , Galaxy Book2 , 15.6 Inches , Silver ,, Core i7 , 16 GB , Windows 11 Home ,"  FHD Display, Thin, Lightweight, Backlit Keyboard, Fingerprint Reader, MicroSD Card Reader, Ambient Light Sensor, Accelerometer Sensor, Gyro Sensor, Built-in Microphone, Long Lasting  See more  ", Integrated ,"₹76,990.00", Intel Iris Xe Graphics ,,,,,,,,,,,
265, Dell , Inspiron 3520 , 15.6 Inches , Black , 512 GB , Core i3 , 8 GB , Windows 10 , Anti Glare Screen , Integrated ,"₹41,990.00",,,,,,,,,,,,
266, HP , 14-ec1019AU , 14 Inches , Natural Silver , 512 GB , Ryzen 5 , 16 GB , Windows 11 Home ," FHD Display, IPS Panel, Anti-Glare, Eyesafe Display, Backlit Keyboard ", Integrated ,"₹59,990.00",,,,,,,,,,,,
267, Lenovo , Lenovo ThinkPad-cr , 14 Inches ,, 500 GB , Intel Core i3 , 8 GB , Windows 10 Pro ," Webcam, Light Weight, Thin ", Integrated ,"₹14,998.00", Intel HD Graphics 4600 ,,,,,,,,,,,
268, HP , Chromebook 11a-na0005MU , 11.6 , Blue , 64 GB , MediaTek Helio , 4 GB , Chrome OS ," Touchscreen, Thin ", Integrated ,"₹14,490.00",,,,,,,,,,,,
269, HP , HP 245 G8 , 14 , Black , 1 TB , Ryzen 3 3250U , 4 GB , Windows 11 Home ,, Integrated ,"₹29,161.00",, 2.1 GHz ,,,,,,,,,,
270, Dell , 3420 , 14 Inches , Black , 1536 GB , Intel Core i5-1135G7 , 16 GB , Windows 10 Pro Upgradeable into Windows 11 Pro ," Slim, Backlit Keyboard ", Integrated ,"₹75,999.00",,,,,,,,,,,,
271, Lenovo , Thinkpad , 14 Inches , Black , 500 GB , Core i5 , 8 GB , Windows 10 , anti reflective , Integrated ,"₹15,496.00",,,,,,,,,,,,
272, ASUS , Vivobook Go 14 (2023) , 14 Inches , Mixed Black , 512 GB , Ryzen 5 , 8 GB , Windows 11 Home , Anti Glare Coating , Integrated ,"₹49,410.00",,,,,,,,,,,,
273, HP , HP Pavilion , 15.6 Inches , Touch Screen ,, Ryzen 5 , 8 GB , Windows 11 Home ," FHD, Micro-Edge Display ", Integrated ,"₹54,490.00", AMD Radeon Graphics ,,,,,,,,,,,
274, HP ,,,, 512 GB ,,,, Anti Glare Coating ,,"₹32,990.00",,,, 1.47 Kilograms ," Bluetooth, Wi-Fi, USB, HDMI ", AMD ," 1366 x 768, 1280 x 720 ",,, AMD ," Microphone, Keyboard ", Laptop 
275, ASUS , ProArt Studiobook 16 OLED (2022) , 40.64 Centimetres , Mineral Black , 1 TB , Core i9 , 16 GB , Windows 11 Home ,"  Fingerprint Reader, 4K OLED 16:10 aspect ratio, 0.2ms response time, Backlit Keyboard, Thunderbolt 4 Port  See more  ", Dedicated ,"₹1,99,480.00",,,,,,,,,,,,
276, Dell , Latitude , 14.1 Inches , Black , 256 GB , Core i5 , 256 GB , Windows 10 Pro ," Light Weight, Thin ", Integrated ,"₹17,999.00",,,,,,,,,,,,
277, ASUS , Vivobook 15 (2023) , 15.6 Inches , Cool Silver , 512 GB , Core i3 , 8 GB , Windows 11 Home , Backlit Keyboard , Integrated ,"₹45,750.00",,,,,,,,,,,,
278, HP , 14-ec1019AU , 14 Inches , Natural Silver , 512 GB , Ryzen 5 , 16 GB , Windows 11 Home ," FHD Display, IPS Panel, Anti-Glare, Eyesafe Display, Backlit Keyboard ", Integrated ,"₹59,990.00",,,,,,,,,,,,
279, Acer , TMB311-31 , 11.6 , Black , 128 GB , Pentium Other , 4 GB , Windows ,"  MIL-STD 810G Compliant, Spill Resistant Keyboard, Camera Shutter, Keyboard with Mechanically Anchored Key  See more  ", Integrated ,"₹28,480.00",,,,,,,,,,,,
280, Lenovo ,, 15.6 Inches , Platinum Grey , 256 GB ,, 8 GB ,, Anti Glare Screen , Integrated ,"₹35,245.00",,, Solid State Hard Drive ,, USB ,, 1080p ,,,,,
281, Lenovo , Ideapad , 15.6 Inches , Arctic Grey ,, Core i3 , 8 GB , Windows 11 Home , HD Audio , Integrated ,"₹38,990.00", Intel UHD Graphics ,,,,,,,,,,,
282, Lenovo , Lenovo ThinkPad-cr , 14 Inches ,, 320 GB , Intel Core i3 , 4 GB , Windows 10 ," Webcam, Light Weight, Thin ", Integrated ,"₹14,994.00", Intel HD Graphics 5500 ,,,,,,,,,,,
283, Dell , Inspiron 3525 , 15.6 Inches , Black ,, Athlon , 8 GB , Windows 11 , Anti Glare Screen , Integrated ,"₹34,999.00", Radeon Graphics ,,,,,,,,,,,
284, AVITA , Pura E - i3-10th Gen , 14 Inches , Space Grey , 256 GB , Intel Core i3 , 4 GB , Windows 10 Home ," Light Weight, Thin ", Integrated ,"₹27,490.00",,,,,,,,,,,,
285, Acer , Extensa , 15.6 Inches ,, 512 GB , Ryzen 3 , 8 GB , Windows 11 Home ," Webcam, Thin ", Integrated ,"₹31,990.00", AMD Radeon Graphics ,,,,,,,,,,,
286, HP , HP Pavilion 15-eh2018au , 15.6 Inches , Natural Silver , 512 GB , Ryzen 5 , 8 GB , Windows 11 Home ," FHD, Micro-Edge Display ", Integrated ,"₹46,231.50",,,,,,,,,,,,
287, Dell , Latitude , 14.1 Inches ,, 512 GB , Core i5 ,, Windows 10 Pro ," Light Weight, Thin ",,"₹25,464.00", intel ,, Solid State Hard Drive , 1.58 Kilograms ,,,,,,,,
288, Dell , Latitude , 14.1 Inches , Black , 256 GB , Core i5 , 256 GB , Windows 10 Pro ," Light Weight, Thin ", Integrated ,"₹17,999.00",,,,,,,,,,,,
289, Acer , Predator Helios 16 , 16 Inches , Black , 1 TB , Core i7 , 16 GB , Windows 11 Home , Thin , Dedicated ,"₹1,29,990.00",,,,,,,,,,,,
290, ASUS , Vivobook S 15 , 15.6 Inches , Indie Black , 512 GB , Core i5 , 8 GB , Windows 11 Home ," Fingerprint Reader, Backlit Keyboard, Anti Glare Coating ", Integrated ,"₹65,990.00",,,,,,,,,,,,
291, Dell , Inspiron 5630 , 16 Inches , Platinum Silver , 512 GB , Core i7 , 16 GB , Windows 11 Home ," Fingerprint Reader, Backlit Keyboard ", Integrated ,"₹89,884.00",,,,,,,,,,,,
292, Dell , Inspiron 3520 , 15.6 Inches , Black , 512 GB , Core i5 , 8 GB , Windows 11 , Webcam , Integrated ,"₹55,200.00",,,,,,,,,,,,
293, Lenovo , Lenovo ThinkPad-cr , 14 Inches ,, 320 GB , Intel Core i3 , 4 GB , Windows 10 Pro ," Webcam, Light Weight, Thin ", Integrated ,"₹13,274.00", Intel HD Graphics 4600 ,,,,,,,,,,,
294, Dell , Latitude , 14.1 Inches ,, 512 GB , Core i5 ,, Windows 10 Pro ," Light Weight, Thin ",,"₹25,464.00", intel ,, Solid State Hard Drive , 1.58 Kilograms ,,,,,,,,
295, HP , HP ProBook-cr , 13.3 Inches ,, 512 GB , Intel Core i7 , 16 GB , Windows 11 ," Webcam, Light Weight, Thin ", Integrated ,"₹28,999.00", Intel HD Graphics 520 ,,,,,,,,,,,
296, Lenovo , IdeaPad Gaming 3 15IHU6 , 15.6 Inches , Shadow Black ,, Core i5 , 16 GB , Windows 11 Home ," Light Weight, Backlit Keyboard, Anti Glare Coating ", Dedicated ,"₹68,990.00", NVIDIA GeForce RTX 3050 ,,,,,,,,,,,
297, Lenovo , V15 , 15.6 Inches , Iron Grey , 256 GB , Core i3 , 8 GB , Windows 11 Home ," Anti Glare Screen, Light Weight, Thin ", Integrated ,"₹36,990.00",,,,,,,,,,,,
298, Lenovo , Lenovo Notebook , 15.6 Inches ,,, AMD A6 , 16 GB , Windows ,, Integrated ,"₹17,999.00",, 2.6 GHz , SSD , 1.61 Kilograms ,,,,,,,,
299, Lenovo , IdeaPad Gaming 3 16IAH7 , 16 Inches , Onyx Grey ,, Core i7 , 16 GB , Windows 11 Home ," Night mode, Portable, 100% Anti-Ghosting, Backlight Keyboard, Anti-glare ", Dedicated ,"₹99,990.00"," NVIDIA GeForce RTX 3060 6GB GDDR6, Boost Clock 1425MH, TGP 105W ",,,,,,,,,,,
300, HP , 15-EG2039TU , 15.6 Inches , Natural Silver , 1 TB , Core i7 , 16 GB , Windows 11 Home ," Full HD, Micro-Edge Display, TUV Certified Eye Safe Display ", Integrated ,"₹89,990.00",,,,,,,,,,,,
301, Dell , Inspiron 3511 , 15.6 Inches , Platnium Silver , 512 GB , Core i5 , 8 GB , Windows , Backlit Keyboard , Dedicated ,"₹52,000.00",,,,,,,,,,,,
302, Dell , E7470 , 14.1 Inches ,, 512 GB , Core i7 6600U , 16 GB , Windows 10 Pro , Thin , Integrated ,"₹28,090.00",, 2.8 GHz ,,,,,,,,,,
303, ASUS , Vivobook 15 , 39.62 Centimetres , Quiet Blue , 512 GB , Core i5 , 8 GB , Windows 11 Home ,"  Touchscreen, Fingerprint sensor, ASUS AI Noise-Canceling Technology, FHD (1920 x 1080) 16:9 aspect ratio, 720p HD webcam with Physical shield  See more  ", Integrated ,"₹74,999.00",,,,,,,,,,,,
